id,dex_num,name,type,total,hp,atk,def,sp_atk,sp_def,speed
1,1,Bulbasaur,"Grass
Poison",318,45,49,49,65,65,45
2,2,Ivysaur,"Grass
Poison",405,60,62,63,80,80,60
3,3,Venusaur,"Grass
Poison",525,80,82,83,100,100,80
4,3,"Venusaur
Mega Venusaur","Grass
Poison",625,80,100,123,122,120,80
5,4,Charmander,Fire,309,39,52,43,60,50,65
6,5,Charmeleon,Fire,405,58,64,58,80,65,80
7,6,Charizard,"Fire
Flying",534,78,84,78,109,85,100
8,6,"Charizard
Mega Charizard X","Fire
Dragon",634,78,130,111,130,85,100
9,6,"Charizard
Mega Charizard Y","Fire
Flying",634,78,104,78,159,115,100
10,7,Squirtle,Water,314,44,48,65,50,64,43
11,8,Wartortle,Water,405,59,63,80,65,80,58
12,9,Blastoise,Water,530,79,83,100,85,105,78
13,9,"Blastoise
Mega Blastoise",Water,630,79,103,120,135,115,78
14,10,Caterpie,Bug,195,45,30,35,20,20,45
15,11,Metapod,Bug,205,50,20,55,25,25,30
16,12,Butterfree,"Bug
Flying",395,60,45,50,90,80,70
17,13,Weedle,"Bug
Poison",195,40,35,30,20,20,50
18,14,Kakuna,"Bug
Poison",205,45,25,50,25,25,35
19,15,Beedrill,"Bug
Poison",395,65,90,40,45,80,75
20,15,"Beedrill
Mega Beedrill","Bug
Poison",495,65,150,40,15,80,145
21,16,Pidgey,"Normal
Flying",251,40,45,40,35,35,56
22,17,Pidgeotto,"Normal
Flying",349,63,60,55,50,50,71
23,18,Pidgeot,"Normal
Flying",479,83,80,75,70,70,101
24,18,"Pidgeot
Mega Pidgeot","Normal
Flying",579,83,80,80,135,80,121
25,19,Rattata,Normal,253,30,56,35,25,35,72
26,19,"Rattata
Alolan Rattata","Dark
Normal",253,30,56,35,25,35,72
27,20,Raticate,Normal,413,55,81,60,50,70,97
28,20,"Raticate
Alolan Raticate","Dark
Normal",413,75,71,70,40,80,77
29,21,Spearow,"Normal
Flying",262,40,60,30,31,31,70
30,22,Fearow,"Normal
Flying",442,65,90,65,61,61,100
31,23,Ekans,Poison,288,35,60,44,40,54,55
32,24,Arbok,Poison,448,60,95,69,65,79,80
33,25,Pikachu,Electric,320,35,55,40,50,50,90
34,26,Raichu,Electric,485,60,90,55,90,80,110
35,26,"Raichu
Alolan Raichu","Electric
Psychic",485,60,85,50,95,85,110
36,27,Sandshrew,Ground,300,50,75,85,20,30,40
37,27,"Sandshrew
Alolan Sandshrew","Ice
Steel",300,50,75,90,10,35,40
38,28,Sandslash,Ground,450,75,100,110,45,55,65
39,28,"Sandslash
Alolan Sandslash","Ice
Steel",450,75,100,120,25,65,65
40,29,Nidoran♀,Poison,275,55,47,52,40,40,41
41,30,Nidorina,Poison,365,70,62,67,55,55,56
42,31,Nidoqueen,"Poison
Ground",505,90,92,87,75,85,76
43,32,Nidoran♂,Poison,273,46,57,40,40,40,50
44,33,Nidorino,Poison,365,61,72,57,55,55,65
45,34,Nidoking,"Poison
Ground",505,81,102,77,85,75,85
46,35,Clefairy,Fairy,323,70,45,48,60,65,35
47,36,Clefable,Fairy,483,95,70,73,95,90,60
48,37,Vulpix,Fire,299,38,41,40,50,65,65
49,37,"Vulpix
Alolan Vulpix",Ice,299,38,41,40,50,65,65
50,38,Ninetales,Fire,505,73,76,75,81,100,100
51,38,"Ninetales
Alolan Ninetales","Ice
Fairy",505,73,67,75,81,100,109
52,39,Jigglypuff,"Normal
Fairy",270,115,45,20,45,25,20
53,40,Wigglytuff,"Normal
Fairy",435,140,70,45,85,50,45
54,41,Zubat,"Poison
Flying",245,40,45,35,30,40,55
55,42,Golbat,"Poison
Flying",455,75,80,70,65,75,90
56,43,Oddish,"Grass
Poison",320,45,50,55,75,65,30
57,44,Gloom,"Grass
Poison",395,60,65,70,85,75,40
58,45,Vileplume,"Grass
Poison",490,75,80,85,110,90,50
59,46,Paras,"Bug
Grass",285,35,70,55,45,55,25
60,47,Parasect,"Bug
Grass",405,60,95,80,60,80,30
61,48,Venonat,"Bug
Poison",305,60,55,50,40,55,45
62,49,Venomoth,"Bug
Poison",450,70,65,60,90,75,90
63,50,Diglett,Ground,265,10,55,25,35,45,95
64,50,"Diglett
Alolan Diglett","Ground
Steel",265,10,55,30,35,45,90
65,51,Dugtrio,Ground,425,35,100,50,50,70,120
66,51,"Dugtrio
Alolan Dugtrio","Ground
Steel",425,35,100,60,50,70,110
67,52,Meowth,Normal,290,40,45,35,40,40,90
68,52,"Meowth
Alolan Meowth",Dark,290,40,35,35,50,40,90
69,53,Persian,Normal,440,65,70,60,65,65,115
70,53,"Persian
Alolan Persian",Dark,440,65,60,60,75,65,115
71,54,Psyduck,Water,320,50,52,48,65,50,55
72,55,Golduck,Water,500,80,82,78,95,80,85
73,56,Mankey,Fighting,305,40,80,35,35,45,70
74,57,Primeape,Fighting,455,65,105,60,60,70,95
75,58,Growlithe,Fire,350,55,70,45,70,50,60
76,59,Arcanine,Fire,555,90,110,80,100,80,95
77,60,Poliwag,Water,300,40,50,40,40,40,90
78,61,Poliwhirl,Water,385,65,65,65,50,50,90
79,62,Poliwrath,"Water
Fighting",510,90,95,95,70,90,70
80,63,Abra,Psychic,310,25,20,15,105,55,90
81,64,Kadabra,Psychic,400,40,35,30,120,70,105
82,65,Alakazam,Psychic,500,55,50,45,135,95,120
83,65,"Alakazam
Mega Alakazam",Psychic,600,55,50,65,175,105,150
84,66,Machop,Fighting,305,70,80,50,35,35,35
85,67,Machoke,Fighting,405,80,100,70,50,60,45
86,68,Machamp,Fighting,505,90,130,80,65,85,55
87,69,Bellsprout,"Grass
Poison",300,50,75,35,70,30,40
88,70,Weepinbell,"Grass
Poison",390,65,90,50,85,45,55
89,71,Victreebel,"Grass
Poison",490,80,105,65,100,70,70
90,72,Tentacool,"Water
Poison",335,40,40,35,50,100,70
91,73,Tentacruel,"Water
Poison",515,80,70,65,80,120,100
92,74,Geodude,"Rock
Ground",300,40,80,100,30,30,20
93,74,"Geodude
Alolan Geodude","Rock
Electric",300,40,80,100,30,30,20
94,75,Graveler,"Rock
Ground",390,55,95,115,45,45,35
95,75,"Graveler
Alolan Graveler","Rock
Electric",390,55,95,115,45,45,35
96,76,Golem,"Rock
Ground",495,80,120,130,55,65,45
97,76,"Golem
Alolan Golem","Rock
Electric",495,80,120,130,55,65,45
98,77,Ponyta,Fire,410,50,85,55,65,65,90
99,78,Rapidash,Fire,500,65,100,70,80,80,105
100,79,Slowpoke,"Water
Psychic",315,90,65,65,40,40,15
101,80,Slowbro,"Water
Psychic",490,95,75,110,100,80,30
102,80,"Slowbro
Mega Slowbro","Water
Psychic",590,95,75,180,130,80,30
103,81,Magnemite,"Electric
Steel",325,25,35,70,95,55,45
104,82,Magneton,"Electric
Steel",465,50,60,95,120,70,70
105,83,Farfetch'd,"Normal
Flying",377,52,90,55,58,62,60
106,84,Doduo,"Normal
Flying",310,35,85,45,35,35,75
107,85,Dodrio,"Normal
Flying",470,60,110,70,60,60,110
108,86,Seel,Water,325,65,45,55,45,70,45
109,87,Dewgong,"Water
Ice",475,90,70,80,70,95,70
110,88,Grimer,Poison,325,80,80,50,40,50,25
111,88,"Grimer
Alolan Grimer","Poison
Dark",325,80,80,50,40,50,25
112,89,Muk,Poison,500,105,105,75,65,100,50
113,89,"Muk
Alolan Muk","Poison
Dark",500,105,105,75,65,100,50
114,90,Shellder,Water,305,30,65,100,45,25,40
115,91,Cloyster,"Water
Ice",525,50,95,180,85,45,70
116,92,Gastly,"Ghost
Poison",310,30,35,30,100,35,80
117,93,Haunter,"Ghost
Poison",405,45,50,45,115,55,95
118,94,Gengar,"Ghost
Poison",500,60,65,60,130,75,110
119,94,"Gengar
Mega Gengar","Ghost
Poison",600,60,65,80,170,95,130
120,95,Onix,"Rock
Ground",385,35,45,160,30,45,70
121,96,Drowzee,Psychic,328,60,48,45,43,90,42
122,97,Hypno,Psychic,483,85,73,70,73,115,67
123,98,Krabby,Water,325,30,105,90,25,25,50
124,99,Kingler,Water,475,55,130,115,50,50,75
125,100,Voltorb,Electric,330,40,30,50,55,55,100
126,101,Electrode,Electric,490,60,50,70,80,80,150
127,102,Exeggcute,"Grass
Psychic",325,60,40,80,60,45,40
128,103,Exeggutor,"Grass
Psychic",530,95,95,85,125,75,55
129,103,"Exeggutor
Alolan Exeggutor","Grass
Dragon",530,95,105,85,125,75,45
130,104,Cubone,Ground,320,50,50,95,40,50,35
131,105,Marowak,Ground,425,60,80,110,50,80,45
132,105,"Marowak
Alolan Marowak","Fire
Ghost",425,60,80,110,50,80,45
133,106,Hitmonlee,Fighting,455,50,120,53,35,110,87
134,107,Hitmonchan,Fighting,455,50,105,79,35,110,76
135,108,Lickitung,Normal,385,90,55,75,60,75,30
136,109,Koffing,Poison,340,40,65,95,60,45,35
137,110,Weezing,Poison,490,65,90,120,85,70,60
138,111,Rhyhorn,"Ground
Rock",345,80,85,95,30,30,25
139,112,Rhydon,"Ground
Rock",485,105,130,120,45,45,40
140,113,Chansey,Normal,450,250,5,5,35,105,50
141,114,Tangela,Grass,435,65,55,115,100,40,60
142,115,Kangaskhan,Normal,490,105,95,80,40,80,90
143,115,"Kangaskhan
Mega Kangaskhan",Normal,590,105,125,100,60,100,100
144,116,Horsea,Water,295,30,40,70,70,25,60
145,117,Seadra,Water,440,55,65,95,95,45,85
146,118,Goldeen,Water,320,45,67,60,35,50,63
147,119,Seaking,Water,450,80,92,65,65,80,68
148,120,Staryu,Water,340,30,45,55,70,55,85
149,121,Starmie,"Water
Psychic",520,60,75,85,100,85,115
150,122,Mr. Mime,"Psychic
Fairy",460,40,45,65,100,120,90
151,123,Scyther,"Bug
Flying",500,70,110,80,55,80,105
152,124,Jynx,"Ice
Psychic",455,65,50,35,115,95,95
153,125,Electabuzz,Electric,490,65,83,57,95,85,105
154,126,Magmar,Fire,495,65,95,57,100,85,93
155,127,Pinsir,Bug,500,65,125,100,55,70,85
156,127,"Pinsir
Mega Pinsir","Bug
Flying",600,65,155,120,65,90,105
157,128,Tauros,Normal,490,75,100,95,40,70,110
158,129,Magikarp,Water,200,20,10,55,15,20,80
159,130,Gyarados,"Water
Flying",540,95,125,79,60,100,81
160,130,"Gyarados
Mega Gyarados","Water
Dark",640,95,155,109,70,130,81
161,131,Lapras,"Water
Ice",535,130,85,80,85,95,60
162,132,Ditto,Normal,288,48,48,48,48,48,48
163,133,Eevee,Normal,325,55,55,50,45,65,55
164,134,Vaporeon,Water,525,130,65,60,110,95,65
165,135,Jolteon,Electric,525,65,65,60,110,95,130
166,136,Flareon,Fire,525,65,130,60,95,110,65
167,137,Porygon,Normal,395,65,60,70,85,75,40
168,138,Omanyte,"Rock
Water",355,35,40,100,90,55,35
169,139,Omastar,"Rock
Water",495,70,60,125,115,70,55
170,140,Kabuto,"Rock
Water",355,30,80,90,55,45,55
171,141,Kabutops,"Rock
Water",495,60,115,105,65,70,80
172,142,Aerodactyl,"Rock
Flying",515,80,105,65,60,75,130
173,142,"Aerodactyl
Mega Aerodactyl","Rock
Flying",615,80,135,85,70,95,150
174,143,Snorlax,Normal,540,160,110,65,65,110,30
175,144,Articuno,"Ice
Flying",580,90,85,100,95,125,85
176,145,Zapdos,"Electric
Flying",580,90,90,85,125,90,100
177,146,Moltres,"Fire
Flying",580,90,100,90,125,85,90
178,147,Dratini,Dragon,300,41,64,45,50,50,50
179,148,Dragonair,Dragon,420,61,84,65,70,70,70
180,149,Dragonite,"Dragon
Flying",600,91,134,95,100,100,80
181,150,Mewtwo,Psychic,680,106,110,90,154,90,130
182,150,"Mewtwo
Mega Mewtwo X","Psychic
Fighting",780,106,190,100,154,100,130
183,150,"Mewtwo
Mega Mewtwo Y",Psychic,780,106,150,70,194,120,140
184,151,Mew,Psychic,600,100,100,100,100,100,100
185,152,Chikorita,Grass,318,45,49,65,49,65,45
186,153,Bayleef,Grass,405,60,62,80,63,80,60
187,154,Meganium,Grass,525,80,82,100,83,100,80
188,155,Cyndaquil,Fire,309,39,52,43,60,50,65
189,156,Quilava,Fire,405,58,64,58,80,65,80
190,157,Typhlosion,Fire,534,78,84,78,109,85,100
191,158,Totodile,Water,314,50,65,64,44,48,43
192,159,Croconaw,Water,405,65,80,80,59,63,58
193,160,Feraligatr,Water,530,85,105,100,79,83,78
194,161,Sentret,Normal,215,35,46,34,35,45,20
195,162,Furret,Normal,415,85,76,64,45,55,90
196,163,Hoothoot,"Normal
Flying",262,60,30,30,36,56,50
197,164,Noctowl,"Normal
Flying",452,100,50,50,86,96,70
198,165,Ledyba,"Bug
Flying",265,40,20,30,40,80,55
199,166,Ledian,"Bug
Flying",390,55,35,50,55,110,85
200,167,Spinarak,"Bug
Poison",250,40,60,40,40,40,30
201,168,Ariados,"Bug
Poison",400,70,90,70,60,70,40
202,169,Crobat,"Poison
Flying",535,85,90,80,70,80,130
203,170,Chinchou,"Water
Electric",330,75,38,38,56,56,67
204,171,Lanturn,"Water
Electric",460,125,58,58,76,76,67
205,172,Pichu,Electric,205,20,40,15,35,35,60
206,173,Cleffa,Fairy,218,50,25,28,45,55,15
207,174,Igglybuff,"Normal
Fairy",210,90,30,15,40,20,15
208,175,Togepi,Fairy,245,35,20,65,40,65,20
209,176,Togetic,"Fairy
Flying",405,55,40,85,80,105,40
210,177,Natu,"Psychic
Flying",320,40,50,45,70,45,70
211,178,Xatu,"Psychic
Flying",470,65,75,70,95,70,95
212,179,Mareep,Electric,280,55,40,40,65,45,35
213,180,Flaaffy,Electric,365,70,55,55,80,60,45
214,181,Ampharos,Electric,510,90,75,85,115,90,55
215,181,"Ampharos
Mega Ampharos","Electric
Dragon",610,90,95,105,165,110,45
216,182,Bellossom,Grass,490,75,80,95,90,100,50
217,183,Marill,"Water
Fairy",250,70,20,50,20,50,40
218,184,Azumarill,"Water
Fairy",420,100,50,80,60,80,50
219,185,Sudowoodo,Rock,410,70,100,115,30,65,30
220,186,Politoed,Water,500,90,75,75,90,100,70
221,187,Hoppip,"Grass
Flying",250,35,35,40,35,55,50
222,188,Skiploom,"Grass
Flying",340,55,45,50,45,65,80
223,189,Jumpluff,"Grass
Flying",460,75,55,70,55,95,110
224,190,Aipom,Normal,360,55,70,55,40,55,85
225,191,Sunkern,Grass,180,30,30,30,30,30,30
226,192,Sunflora,Grass,425,75,75,55,105,85,30
227,193,Yanma,"Bug
Flying",390,65,65,45,75,45,95
228,194,Wooper,"Water
Ground",210,55,45,45,25,25,15
229,195,Quagsire,"Water
Ground",430,95,85,85,65,65,35
230,196,Espeon,Psychic,525,65,65,60,130,95,110
231,197,Umbreon,Dark,525,95,65,110,60,130,65
232,198,Murkrow,"Dark
Flying",405,60,85,42,85,42,91
233,199,Slowking,"Water
Psychic",490,95,75,80,100,110,30
234,200,Misdreavus,Ghost,435,60,60,60,85,85,85
235,201,Unown,Psychic,336,48,72,48,72,48,48
236,202,Wobbuffet,Psychic,405,190,33,58,33,58,33
237,203,Girafarig,"Normal
Psychic",455,70,80,65,90,65,85
238,204,Pineco,Bug,290,50,65,90,35,35,15
239,205,Forretress,"Bug
Steel",465,75,90,140,60,60,40
240,206,Dunsparce,Normal,415,100,70,70,65,65,45
241,207,Gligar,"Ground
Flying",430,65,75,105,35,65,85
242,208,Steelix,"Steel
Ground",510,75,85,200,55,65,30
243,208,"Steelix
Mega Steelix","Steel
Ground",610,75,125,230,55,95,30
244,209,Snubbull,Fairy,300,60,80,50,40,40,30
245,210,Granbull,Fairy,450,90,120,75,60,60,45
246,211,Qwilfish,"Water
Poison",440,65,95,85,55,55,85
247,212,Scizor,"Bug
Steel",500,70,130,100,55,80,65
248,212,"Scizor
Mega Scizor","Bug
Steel",600,70,150,140,65,100,75
249,213,Shuckle,"Bug
Rock",505,20,10,230,10,230,5
250,214,Heracross,"Bug
Fighting",500,80,125,75,40,95,85
251,214,"Heracross
Mega Heracross","Bug
Fighting",600,80,185,115,40,105,75
252,215,Sneasel,"Dark
Ice",430,55,95,55,35,75,115
253,216,Teddiursa,Normal,330,60,80,50,50,50,40
254,217,Ursaring,Normal,500,90,130,75,75,75,55
255,218,Slugma,Fire,250,40,40,40,70,40,20
256,219,Magcargo,"Fire
Rock",430,60,50,120,90,80,30
257,220,Swinub,"Ice
Ground",250,50,50,40,30,30,50
258,221,Piloswine,"Ice
Ground",450,100,100,80,60,60,50
259,222,Corsola,"Water
Rock",410,65,55,95,65,95,35
260,223,Remoraid,Water,300,35,65,35,65,35,65
261,224,Octillery,Water,480,75,105,75,105,75,45
262,225,Delibird,"Ice
Flying",330,45,55,45,65,45,75
263,226,Mantine,"Water
Flying",485,85,40,70,80,140,70
264,227,Skarmory,"Steel
Flying",465,65,80,140,40,70,70
265,228,Houndour,"Dark
Fire",330,45,60,30,80,50,65
266,229,Houndoom,"Dark
Fire",500,75,90,50,110,80,95
267,229,"Houndoom
Mega Houndoom","Dark
Fire",600,75,90,90,140,90,115
268,230,Kingdra,"Water
Dragon",540,75,95,95,95,95,85
269,231,Phanpy,Ground,330,90,60,60,40,40,40
270,232,Donphan,Ground,500,90,120,120,60,60,50
271,233,Porygon2,Normal,515,85,80,90,105,95,60
272,234,Stantler,Normal,465,73,95,62,85,65,85
273,235,Smeargle,Normal,250,55,20,35,20,45,75
274,236,Tyrogue,Fighting,210,35,35,35,35,35,35
275,237,Hitmontop,Fighting,455,50,95,95,35,110,70
276,238,Smoochum,"Ice
Psychic",305,45,30,15,85,65,65
277,239,Elekid,Electric,360,45,63,37,65,55,95
278,240,Magby,Fire,365,45,75,37,70,55,83
279,241,Miltank,Normal,490,95,80,105,40,70,100
280,242,Blissey,Normal,540,255,10,10,75,135,55
281,243,Raikou,Electric,580,90,85,75,115,100,115
282,244,Entei,Fire,580,115,115,85,90,75,100
283,245,Suicune,Water,580,100,75,115,90,115,85
284,246,Larvitar,"Rock
Ground",300,50,64,50,45,50,41
285,247,Pupitar,"Rock
Ground",410,70,84,70,65,70,51
286,248,Tyranitar,"Rock
Dark",600,100,134,110,95,100,61
287,248,"Tyranitar
Mega Tyranitar","Rock
Dark",700,100,164,150,95,120,71
288,249,Lugia,"Psychic
Flying",680,106,90,130,90,154,110
289,250,Ho-oh,"Fire
Flying",680,106,130,90,110,154,90
290,251,Celebi,"Psychic
Grass",600,100,100,100,100,100,100
291,252,Treecko,Grass,310,40,45,35,65,55,70
292,253,Grovyle,Grass,405,50,65,45,85,65,95
293,254,Sceptile,Grass,530,70,85,65,105,85,120
294,254,"Sceptile
Mega Sceptile","Grass
Dragon",630,70,110,75,145,85,145
295,255,Torchic,Fire,310,45,60,40,70,50,45
296,256,Combusken,"Fire
Fighting",405,60,85,60,85,60,55
297,257,Blaziken,"Fire
Fighting",530,80,120,70,110,70,80
298,257,"Blaziken
Mega Blaziken","Fire
Fighting",630,80,160,80,130,80,100
299,258,Mudkip,Water,310,50,70,50,50,50,40
300,259,Marshtomp,"Water
Ground",405,70,85,70,60,70,50
301,260,Swampert,"Water
Ground",535,100,110,90,85,90,60
302,260,"Swampert
Mega Swampert","Water
Ground",635,100,150,110,95,110,70
303,261,Poochyena,Dark,220,35,55,35,30,30,35
304,262,Mightyena,Dark,420,70,90,70,60,60,70
305,263,Zigzagoon,Normal,240,38,30,41,30,41,60
306,264,Linoone,Normal,420,78,70,61,50,61,100
307,265,Wurmple,Bug,195,45,45,35,20,30,20
308,266,Silcoon,Bug,205,50,35,55,25,25,15
309,267,Beautifly,"Bug
Flying",395,60,70,50,100,50,65
310,268,Cascoon,Bug,205,50,35,55,25,25,15
311,269,Dustox,"Bug
Poison",385,60,50,70,50,90,65
312,270,Lotad,"Water
Grass",220,40,30,30,40,50,30
313,271,Lombre,"Water
Grass",340,60,50,50,60,70,50
314,272,Ludicolo,"Water
Grass",480,80,70,70,90,100,70
315,273,Seedot,Grass,220,40,40,50,30,30,30
316,274,Nuzleaf,"Grass
Dark",340,70,70,40,60,40,60
317,275,Shiftry,"Grass
Dark",480,90,100,60,90,60,80
318,276,Taillow,"Normal
Flying",270,40,55,30,30,30,85
319,277,Swellow,"Normal
Flying",455,60,85,60,75,50,125
320,278,Wingull,"Water
Flying",270,40,30,30,55,30,85
321,279,Pelipper,"Water
Flying",440,60,50,100,95,70,65
322,280,Ralts,"Psychic
Fairy",198,28,25,25,45,35,40
323,281,Kirlia,"Psychic
Fairy",278,38,35,35,65,55,50
324,282,Gardevoir,"Psychic
Fairy",518,68,65,65,125,115,80
325,282,"Gardevoir
Mega Gardevoir","Psychic
Fairy",618,68,85,65,165,135,100
326,283,Surskit,"Bug
Water",269,40,30,32,50,52,65
327,284,Masquerain,"Bug
Flying",454,70,60,62,100,82,80
328,285,Shroomish,Grass,295,60,40,60,40,60,35
329,286,Breloom,"Grass
Fighting",460,60,130,80,60,60,70
330,287,Slakoth,Normal,280,60,60,60,35,35,30
331,288,Vigoroth,Normal,440,80,80,80,55,55,90
332,289,Slaking,Normal,670,150,160,100,95,65,100
333,290,Nincada,"Bug
Ground",266,31,45,90,30,30,40
334,291,Ninjask,"Bug
Flying",456,61,90,45,50,50,160
335,292,Shedinja,"Bug
Ghost",236,1,90,45,30,30,40
336,293,Whismur,Normal,240,64,51,23,51,23,28
337,294,Loudred,Normal,360,84,71,43,71,43,48
338,295,Exploud,Normal,490,104,91,63,91,73,68
339,296,Makuhita,Fighting,237,72,60,30,20,30,25
340,297,Hariyama,Fighting,474,144,120,60,40,60,50
341,298,Azurill,"Normal
Fairy",190,50,20,40,20,40,20
342,299,Nosepass,Rock,375,30,45,135,45,90,30
343,300,Skitty,Normal,260,50,45,45,35,35,50
344,301,Delcatty,Normal,400,70,65,65,55,55,90
345,302,Sableye,"Dark
Ghost",380,50,75,75,65,65,50
346,302,"Sableye
Mega Sableye","Dark
Ghost",480,50,85,125,85,115,20
347,303,Mawile,"Steel
Fairy",380,50,85,85,55,55,50
348,303,"Mawile
Mega Mawile","Steel
Fairy",480,50,105,125,55,95,50
349,304,Aron,"Steel
Rock",330,50,70,100,40,40,30
350,305,Lairon,"Steel
Rock",430,60,90,140,50,50,40
351,306,Aggron,"Steel
Rock",530,70,110,180,60,60,50
352,306,"Aggron
Mega Aggron",Steel,630,70,140,230,60,80,50
353,307,Meditite,"Fighting
Psychic",280,30,40,55,40,55,60
354,308,Medicham,"Fighting
Psychic",410,60,60,75,60,75,80
355,308,"Medicham
Mega Medicham","Fighting
Psychic",510,60,100,85,80,85,100
356,309,Electrike,Electric,295,40,45,40,65,40,65
357,310,Manectric,Electric,475,70,75,60,105,60,105
358,310,"Manectric
Mega Manectric",Electric,575,70,75,80,135,80,135
359,311,Plusle,Electric,405,60,50,40,85,75,95
360,312,Minun,Electric,405,60,40,50,75,85,95
361,313,Volbeat,Bug,430,65,73,75,47,85,85
362,314,Illumise,Bug,430,65,47,75,73,85,85
363,315,Roselia,"Grass
Poison",400,50,60,45,100,80,65
364,316,Gulpin,Poison,302,70,43,53,43,53,40
365,317,Swalot,Poison,467,100,73,83,73,83,55
366,318,Carvanha,"Water
Dark",305,45,90,20,65,20,65
367,319,Sharpedo,"Water
Dark",460,70,120,40,95,40,95
368,319,"Sharpedo
Mega Sharpedo","Water
Dark",560,70,140,70,110,65,105
369,320,Wailmer,Water,400,130,70,35,70,35,60
370,321,Wailord,Water,500,170,90,45,90,45,60
371,322,Numel,"Fire
Ground",305,60,60,40,65,45,35
372,323,Camerupt,"Fire
Ground",460,70,100,70,105,75,40
373,323,"Camerupt
Mega Camerupt","Fire
Ground",560,70,120,100,145,105,20
374,324,Torkoal,Fire,470,70,85,140,85,70,20
375,325,Spoink,Psychic,330,60,25,35,70,80,60
376,326,Grumpig,Psychic,470,80,45,65,90,110,80
377,327,Spinda,Normal,360,60,60,60,60,60,60
378,328,Trapinch,Ground,290,45,100,45,45,45,10
379,329,Vibrava,"Ground
Dragon",340,50,70,50,50,50,70
380,330,Flygon,"Ground
Dragon",520,80,100,80,80,80,100
381,331,Cacnea,Grass,335,50,85,40,85,40,35
382,332,Cacturne,"Grass
Dark",475,70,115,60,115,60,55
383,333,Swablu,"Normal
Flying",310,45,40,60,40,75,50
384,334,Altaria,"Dragon
Flying",490,75,70,90,70,105,80
385,334,"Altaria
Mega Altaria","Dragon
Fairy",590,75,110,110,110,105,80
386,335,Zangoose,Normal,458,73,115,60,60,60,90
387,336,Seviper,Poison,458,73,100,60,100,60,65
388,337,Lunatone,"Rock
Psychic",460,90,55,65,95,85,70
389,338,Solrock,"Rock
Psychic",460,90,95,85,55,65,70
390,339,Barboach,"Water
Ground",288,50,48,43,46,41,60
391,340,Whiscash,"Water
Ground",468,110,78,73,76,71,60
392,341,Corphish,Water,308,43,80,65,50,35,35
393,342,Crawdaunt,"Water
Dark",468,63,120,85,90,55,55
394,343,Baltoy,"Ground
Psychic",300,40,40,55,40,70,55
395,344,Claydol,"Ground
Psychic",500,60,70,105,70,120,75
396,345,Lileep,"Rock
Grass",355,66,41,77,61,87,23
397,346,Cradily,"Rock
Grass",495,86,81,97,81,107,43
398,347,Anorith,"Rock
Bug",355,45,95,50,40,50,75
399,348,Armaldo,"Rock
Bug",495,75,125,100,70,80,45
400,349,Feebas,Water,200,20,15,20,10,55,80
401,350,Milotic,Water,540,95,60,79,100,125,81
402,351,Castform,Normal,420,70,70,70,70,70,70
403,352,Kecleon,Normal,440,60,90,70,60,120,40
404,353,Shuppet,Ghost,295,44,75,35,63,33,45
405,354,Banette,Ghost,455,64,115,65,83,63,65
406,354,"Banette
Mega Banette",Ghost,555,64,165,75,93,83,75
407,355,Duskull,Ghost,295,20,40,90,30,90,25
408,356,Dusclops,Ghost,455,40,70,130,60,130,25
409,357,Tropius,"Grass
Flying",460,99,68,83,72,87,51
410,358,Chimecho,Psychic,455,75,50,80,95,90,65
411,359,Absol,Dark,465,65,130,60,75,60,75
412,359,"Absol
Mega Absol",Dark,565,65,150,60,115,60,115
413,360,Wynaut,Psychic,260,95,23,48,23,48,23
414,361,Snorunt,Ice,300,50,50,50,50,50,50
415,362,Glalie,Ice,480,80,80,80,80,80,80
416,362,"Glalie
Mega Glalie",Ice,580,80,120,80,120,80,100
417,363,Spheal,"Ice
Water",290,70,40,50,55,50,25
418,364,Sealeo,"Ice
Water",410,90,60,70,75,70,45
419,365,Walrein,"Ice
Water",530,110,80,90,95,90,65
420,366,Clamperl,Water,345,35,64,85,74,55,32
421,367,Huntail,Water,485,55,104,105,94,75,52
422,368,Gorebyss,Water,485,55,84,105,114,75,52
423,369,Relicanth,"Water
Rock",485,100,90,130,45,65,55
424,370,Luvdisc,Water,330,43,30,55,40,65,97
425,371,Bagon,Dragon,300,45,75,60,40,30,50
426,372,Shelgon,Dragon,420,65,95,100,60,50,50
427,373,Salamence,"Dragon
Flying",600,95,135,80,110,80,100
428,373,"Salamence
Mega Salamence","Dragon
Flying",700,95,145,130,120,90,120
429,374,Beldum,"Steel
Psychic",300,40,55,80,35,60,30
430,375,Metang,"Steel
Psychic",420,60,75,100,55,80,50
431,376,Metagross,"Steel
Psychic",600,80,135,130,95,90,70
432,376,"Metagross
Mega Metagross","Steel
Psychic",700,80,145,150,105,110,110
433,377,Regirock,Rock,580,80,100,200,50,100,50
434,378,Regice,Ice,580,80,50,100,100,200,50
435,379,Registeel,Steel,580,80,75,150,75,150,50
436,380,Latias,"Dragon
Psychic",600,80,80,90,110,130,110
437,380,"Latias
Mega Latias","Dragon
Psychic",700,80,100,120,140,150,110
438,381,Latios,"Dragon
Psychic",600,80,90,80,130,110,110
439,381,"Latios
Mega Latios","Dragon
Psychic",700,80,130,100,160,120,110
440,382,Kyogre,Water,670,100,100,90,150,140,90
441,382,"Kyogre
Primal Kyogre",Water,770,100,150,90,180,160,90
442,383,Groudon,Ground,670,100,150,140,100,90,90
443,383,"Groudon
Primal Groudon","Ground
Fire",770,100,180,160,150,90,90
444,384,Rayquaza,"Dragon
Flying",680,105,150,90,150,90,95
445,384,"Rayquaza
Mega Rayquaza","Dragon
Flying",780,105,180,100,180,100,115
446,385,Jirachi,"Steel
Psychic",600,100,100,100,100,100,100
447,386,"Deoxys
Normal Forme",Psychic,600,50,150,50,150,50,150
448,386,"Deoxys
Attack Forme",Psychic,600,50,180,20,180,20,150
449,386,"Deoxys
Defense Forme",Psychic,600,50,70,160,70,160,90
450,386,"Deoxys
Speed Forme",Psychic,600,50,95,90,95,90,180
451,387,Turtwig,Grass,318,55,68,64,45,55,31
452,388,Grotle,Grass,405,75,89,85,55,65,36
453,389,Torterra,"Grass
Ground",525,95,109,105,75,85,56
454,390,Chimchar,Fire,309,44,58,44,58,44,61
455,391,Monferno,"Fire
Fighting",405,64,78,52,78,52,81
456,392,Infernape,"Fire
Fighting",534,76,104,71,104,71,108
457,393,Piplup,Water,314,53,51,53,61,56,40
458,394,Prinplup,Water,405,64,66,68,81,76,50
459,395,Empoleon,"Water
Steel",530,84,86,88,111,101,60
460,396,Starly,"Normal
Flying",245,40,55,30,30,30,60
461,397,Staravia,"Normal
Flying",340,55,75,50,40,40,80
462,398,Staraptor,"Normal
Flying",485,85,120,70,50,60,100
463,399,Bidoof,Normal,250,59,45,40,35,40,31
464,400,Bibarel,"Normal
Water",410,79,85,60,55,60,71
465,401,Kricketot,Bug,194,37,25,41,25,41,25
466,402,Kricketune,Bug,384,77,85,51,55,51,65
467,403,Shinx,Electric,263,45,65,34,40,34,45
468,404,Luxio,Electric,363,60,85,49,60,49,60
469,405,Luxray,Electric,523,80,120,79,95,79,70
470,406,Budew,"Grass
Poison",280,40,30,35,50,70,55
471,407,Roserade,"Grass
Poison",515,60,70,65,125,105,90
472,408,Cranidos,Rock,350,67,125,40,30,30,58
473,409,Rampardos,Rock,495,97,165,60,65,50,58
474,410,Shieldon,"Rock
Steel",350,30,42,118,42,88,30
475,411,Bastiodon,"Rock
Steel",495,60,52,168,47,138,30
476,412,Burmy,Bug,224,40,29,45,29,45,36
477,413,"Wormadam
Plant Cloak","Bug
Grass",424,60,59,85,79,105,36
478,413,"Wormadam
Sandy Cloak","Bug
Ground",424,60,79,105,59,85,36
479,413,"Wormadam
Trash Cloak","Bug
Steel",424,60,69,95,69,95,36
480,414,Mothim,"Bug
Flying",424,70,94,50,94,50,66
481,415,Combee,"Bug
Flying",244,30,30,42,30,42,70
482,416,Vespiquen,"Bug
Flying",474,70,80,102,80,102,40
483,417,Pachirisu,Electric,405,60,45,70,45,90,95
484,418,Buizel,Water,330,55,65,35,60,30,85
485,419,Floatzel,Water,495,85,105,55,85,50,115
486,420,Cherubi,Grass,275,45,35,45,62,53,35
487,421,Cherrim,Grass,450,70,60,70,87,78,85
488,422,Shellos,Water,325,76,48,48,57,62,34
489,423,Gastrodon,"Water
Ground",475,111,83,68,92,82,39
490,424,Ambipom,Normal,482,75,100,66,60,66,115
491,425,Drifloon,"Ghost
Flying",348,90,50,34,60,44,70
492,426,Drifblim,"Ghost
Flying",498,150,80,44,90,54,80
493,427,Buneary,Normal,350,55,66,44,44,56,85
494,428,Lopunny,Normal,480,65,76,84,54,96,105
495,428,"Lopunny
Mega Lopunny","Normal
Fighting",580,65,136,94,54,96,135
496,429,Mismagius,Ghost,495,60,60,60,105,105,105
497,430,Honchkrow,"Dark
Flying",505,100,125,52,105,52,71
498,431,Glameow,Normal,310,49,55,42,42,37,85
499,432,Purugly,Normal,452,71,82,64,64,59,112
500,433,Chingling,Psychic,285,45,30,50,65,50,45
501,434,Stunky,"Poison
Dark",329,63,63,47,41,41,74
502,435,Skuntank,"Poison
Dark",479,103,93,67,71,61,84
503,436,Bronzor,"Steel
Psychic",300,57,24,86,24,86,23
504,437,Bronzong,"Steel
Psychic",500,67,89,116,79,116,33
505,438,Bonsly,Rock,290,50,80,95,10,45,10
506,439,Mime Jr.,"Psychic
Fairy",310,20,25,45,70,90,60
507,440,Happiny,Normal,220,100,5,5,15,65,30
508,441,Chatot,"Normal
Flying",411,76,65,45,92,42,91
509,442,Spiritomb,"Ghost
Dark",485,50,92,108,92,108,35
510,443,Gible,"Dragon
Ground",300,58,70,45,40,45,42
511,444,Gabite,"Dragon
Ground",410,68,90,65,50,55,82
512,445,Garchomp,"Dragon
Ground",600,108,130,95,80,85,102
513,445,"Garchomp
Mega Garchomp","Dragon
Ground",700,108,170,115,120,95,92
514,446,Munchlax,Normal,390,135,85,40,40,85,5
515,447,Riolu,Fighting,285,40,70,40,35,40,60
516,448,Lucario,"Fighting
Steel",525,70,110,70,115,70,90
517,448,"Lucario
Mega Lucario","Fighting
Steel",625,70,145,88,140,70,112
518,449,Hippopotas,Ground,330,68,72,78,38,42,32
519,450,Hippowdon,Ground,525,108,112,118,68,72,47
520,451,Skorupi,"Poison
Bug",330,40,50,90,30,55,65
521,452,Drapion,"Poison
Dark",500,70,90,110,60,75,95
522,453,Croagunk,"Poison
Fighting",300,48,61,40,61,40,50
523,454,Toxicroak,"Poison
Fighting",490,83,106,65,86,65,85
524,455,Carnivine,Grass,454,74,100,72,90,72,46
525,456,Finneon,Water,330,49,49,56,49,61,66
526,457,Lumineon,Water,460,69,69,76,69,86,91
527,458,Mantyke,"Water
Flying",345,45,20,50,60,120,50
528,459,Snover,"Grass
Ice",334,60,62,50,62,60,40
529,460,Abomasnow,"Grass
Ice",494,90,92,75,92,85,60
530,460,"Abomasnow
Mega Abomasnow","Grass
Ice",594,90,132,105,132,105,30
531,461,Weavile,"Dark
Ice",510,70,120,65,45,85,125
532,462,Magnezone,"Electric
Steel",535,70,70,115,130,90,60
533,463,Lickilicky,Normal,515,110,85,95,80,95,50
534,464,Rhyperior,"Ground
Rock",535,115,140,130,55,55,40
535,465,Tangrowth,Grass,535,100,100,125,110,50,50
536,466,Electivire,Electric,540,75,123,67,95,85,95
537,467,Magmortar,Fire,540,75,95,67,125,95,83
538,468,Togekiss,"Fairy
Flying",545,85,50,95,120,115,80
539,469,Yanmega,"Bug
Flying",515,86,76,86,116,56,95
540,470,Leafeon,Grass,525,65,110,130,60,65,95
541,471,Glaceon,Ice,525,65,60,110,130,95,65
542,472,Gliscor,"Ground
Flying",510,75,95,125,45,75,95
543,473,Mamoswine,"Ice
Ground",530,110,130,80,70,60,80
544,474,Porygon-Z,Normal,535,85,80,70,135,75,90
545,475,Gallade,"Psychic
Fighting",518,68,125,65,65,115,80
546,475,"Gallade
Mega Gallade","Psychic
Fighting",618,68,165,95,65,115,110
547,476,Probopass,"Rock
Steel",525,60,55,145,75,150,40
548,477,Dusknoir,Ghost,525,45,100,135,65,135,45
549,478,Froslass,"Ice
Ghost",480,70,80,70,80,70,110
550,479,Rotom,"Electric
Ghost",440,50,50,77,95,77,91
551,479,"Rotom
Heat Rotom","Electric
Fire",520,50,65,107,105,107,86
552,479,"Rotom
Wash Rotom","Electric
Water",520,50,65,107,105,107,86
553,479,"Rotom
Frost Rotom","Electric
Ice",520,50,65,107,105,107,86
554,479,"Rotom
Fan Rotom","Electric
Flying",520,50,65,107,105,107,86
555,479,"Rotom
Mow Rotom","Electric
Grass",520,50,65,107,105,107,86
556,480,Uxie,Psychic,580,75,75,130,75,130,95
557,481,Mesprit,Psychic,580,80,105,105,105,105,80
558,482,Azelf,Psychic,580,75,125,70,125,70,115
559,483,Dialga,"Steel
Dragon",680,100,120,120,150,100,90
560,484,Palkia,"Water
Dragon",680,90,120,100,150,120,100
561,485,Heatran,"Fire
Steel",600,91,90,106,130,106,77
562,486,Regigigas,Normal,670,110,160,110,80,110,100
563,487,"Giratina
Altered Forme","Ghost
Dragon",680,150,100,120,100,120,90
564,487,"Giratina
Origin Forme","Ghost
Dragon",680,150,120,100,120,100,90
565,488,Cresselia,Psychic,600,120,70,120,75,130,85
566,489,Phione,Water,480,80,80,80,80,80,80
567,490,Manaphy,Water,600,100,100,100,100,100,100
568,491,Darkrai,Dark,600,70,90,90,135,90,125
569,492,"Shaymin
Land Forme",Grass,600,100,100,100,100,100,100
570,492,"Shaymin
Sky Forme","Grass
Flying",600,100,103,75,120,75,127
571,493,Arceus,Normal,720,120,120,120,120,120,120
572,494,Victini,"Psychic
Fire",600,100,100,100,100,100,100
573,495,Snivy,Grass,308,45,45,55,45,55,63
574,496,Servine,Grass,413,60,60,75,60,75,83
575,497,Serperior,Grass,528,75,75,95,75,95,113
576,498,Tepig,Fire,308,65,63,45,45,45,45
577,499,Pignite,"Fire
Fighting",418,90,93,55,70,55,55
578,500,Emboar,"Fire
Fighting",528,110,123,65,100,65,65
579,501,Oshawott,Water,308,55,55,45,63,45,45
580,502,Dewott,Water,413,75,75,60,83,60,60
581,503,Samurott,Water,528,95,100,85,108,70,70
582,504,Patrat,Normal,255,45,55,39,35,39,42
583,505,Watchog,Normal,420,60,85,69,60,69,77
584,506,Lillipup,Normal,275,45,60,45,25,45,55
585,507,Herdier,Normal,370,65,80,65,35,65,60
586,508,Stoutland,Normal,500,85,110,90,45,90,80
587,509,Purrloin,Dark,281,41,50,37,50,37,66
588,510,Liepard,Dark,446,64,88,50,88,50,106
589,511,Pansage,Grass,316,50,53,48,53,48,64
590,512,Simisage,Grass,498,75,98,63,98,63,101
591,513,Pansear,Fire,316,50,53,48,53,48,64
592,514,Simisear,Fire,498,75,98,63,98,63,101
593,515,Panpour,Water,316,50,53,48,53,48,64
594,516,Simipour,Water,498,75,98,63,98,63,101
595,517,Munna,Psychic,292,76,25,45,67,55,24
596,518,Musharna,Psychic,487,116,55,85,107,95,29
597,519,Pidove,"Normal
Flying",264,50,55,50,36,30,43
598,520,Tranquill,"Normal
Flying",358,62,77,62,50,42,65
599,521,Unfezant,"Normal
Flying",488,80,115,80,65,55,93
600,522,Blitzle,Electric,295,45,60,32,50,32,76
601,523,Zebstrika,Electric,497,75,100,63,80,63,116
602,524,Roggenrola,Rock,280,55,75,85,25,25,15
603,525,Boldore,Rock,390,70,105,105,50,40,20
604,526,Gigalith,Rock,515,85,135,130,60,80,25
605,527,Woobat,"Psychic
Flying",323,65,45,43,55,43,72
606,528,Swoobat,"Psychic
Flying",425,67,57,55,77,55,114
607,529,Drilbur,Ground,328,60,85,40,30,45,68
608,530,Excadrill,"Ground
Steel",508,110,135,60,50,65,88
609,531,Audino,Normal,445,103,60,86,60,86,50
610,531,"Audino
Mega Audino","Normal
Fairy",545,103,60,126,80,126,50
611,532,Timburr,Fighting,305,75,80,55,25,35,35
612,533,Gurdurr,Fighting,405,85,105,85,40,50,40
613,534,Conkeldurr,Fighting,505,105,140,95,55,65,45
614,535,Tympole,Water,294,50,50,40,50,40,64
615,536,Palpitoad,"Water
Ground",384,75,65,55,65,55,69
616,537,Seismitoad,"Water
Ground",509,105,95,75,85,75,74
617,538,Throh,Fighting,465,120,100,85,30,85,45
618,539,Sawk,Fighting,465,75,125,75,30,75,85
619,540,Sewaddle,"Bug
Grass",310,45,53,70,40,60,42
620,541,Swadloon,"Bug
Grass",380,55,63,90,50,80,42
621,542,Leavanny,"Bug
Grass",500,75,103,80,70,80,92
622,543,Venipede,"Bug
Poison",260,30,45,59,30,39,57
623,544,Whirlipede,"Bug
Poison",360,40,55,99,40,79,47
624,545,Scolipede,"Bug
Poison",485,60,100,89,55,69,112
625,546,Cottonee,"Grass
Fairy",280,40,27,60,37,50,66
626,547,Whimsicott,"Grass
Fairy",480,60,67,85,77,75,116
627,548,Petilil,Grass,280,45,35,50,70,50,30
628,549,Lilligant,Grass,480,70,60,75,110,75,90
629,550,Basculin,Water,460,70,92,65,80,55,98
630,551,Sandile,"Ground
Dark",292,50,72,35,35,35,65
631,552,Krokorok,"Ground
Dark",351,60,82,45,45,45,74
632,553,Krookodile,"Ground
Dark",519,95,117,80,65,70,92
633,554,Darumaka,Fire,315,70,90,45,15,45,50
634,555,"Darmanitan
Standard Mode",Fire,480,105,140,55,30,55,95
635,555,"Darmanitan
Zen Mode","Fire
Psychic",540,105,30,105,140,105,55
636,556,Maractus,Grass,461,75,86,67,106,67,60
637,557,Dwebble,"Bug
Rock",325,50,65,85,35,35,55
638,558,Crustle,"Bug
Rock",485,70,105,125,65,75,45
639,559,Scraggy,"Dark
Fighting",348,50,75,70,35,70,48
640,560,Scrafty,"Dark
Fighting",488,65,90,115,45,115,58
641,561,Sigilyph,"Psychic
Flying",490,72,58,80,103,80,97
642,562,Yamask,Ghost,303,38,30,85,55,65,30
643,563,Cofagrigus,Ghost,483,58,50,145,95,105,30
644,564,Tirtouga,"Water
Rock",355,54,78,103,53,45,22
645,565,Carracosta,"Water
Rock",495,74,108,133,83,65,32
646,566,Archen,"Rock
Flying",401,55,112,45,74,45,70
647,567,Archeops,"Rock
Flying",567,75,140,65,112,65,110
648,568,Trubbish,Poison,329,50,50,62,40,62,65
649,569,Garbodor,Poison,474,80,95,82,60,82,75
650,570,Zorua,Dark,330,40,65,40,80,40,65
651,571,Zoroark,Dark,510,60,105,60,120,60,105
652,572,Minccino,Normal,300,55,50,40,40,40,75
653,573,Cinccino,Normal,470,75,95,60,65,60,115
654,574,Gothita,Psychic,290,45,30,50,55,65,45
655,575,Gothorita,Psychic,390,60,45,70,75,85,55
656,576,Gothitelle,Psychic,490,70,55,95,95,110,65
657,577,Solosis,Psychic,290,45,30,40,105,50,20
658,578,Duosion,Psychic,370,65,40,50,125,60,30
659,579,Reuniclus,Psychic,490,110,65,75,125,85,30
660,580,Ducklett,"Water
Flying",305,62,44,50,44,50,55
661,581,Swanna,"Water
Flying",473,75,87,63,87,63,98
662,582,Vanillite,Ice,305,36,50,50,65,60,44
663,583,Vanillish,Ice,395,51,65,65,80,75,59
664,584,Vanilluxe,Ice,535,71,95,85,110,95,79
665,585,Deerling,"Normal
Grass",335,60,60,50,40,50,75
666,586,Sawsbuck,"Normal
Grass",475,80,100,70,60,70,95
667,587,Emolga,"Electric
Flying",428,55,75,60,75,60,103
668,588,Karrablast,Bug,315,50,75,45,40,45,60
669,589,Escavalier,"Bug
Steel",495,70,135,105,60,105,20
670,590,Foongus,"Grass
Poison",294,69,55,45,55,55,15
671,591,Amoonguss,"Grass
Poison",464,114,85,70,85,80,30
672,592,Frillish,"Water
Ghost",335,55,40,50,65,85,40
673,593,Jellicent,"Water
Ghost",480,100,60,70,85,105,60
674,594,Alomomola,Water,470,165,75,80,40,45,65
675,595,Joltik,"Bug
Electric",319,50,47,50,57,50,65
676,596,Galvantula,"Bug
Electric",472,70,77,60,97,60,108
677,597,Ferroseed,"Grass
Steel",305,44,50,91,24,86,10
678,598,Ferrothorn,"Grass
Steel",489,74,94,131,54,116,20
679,599,Klink,Steel,300,40,55,70,45,60,30
680,600,Klang,Steel,440,60,80,95,70,85,50
681,601,Klinklang,Steel,520,60,100,115,70,85,90
682,602,Tynamo,Electric,275,35,55,40,45,40,60
683,603,Eelektrik,Electric,405,65,85,70,75,70,40
684,604,Eelektross,Electric,515,85,115,80,105,80,50
685,605,Elgyem,Psychic,335,55,55,55,85,55,30
686,606,Beheeyem,Psychic,485,75,75,75,125,95,40
687,607,Litwick,"Ghost
Fire",275,50,30,55,65,55,20
688,608,Lampent,"Ghost
Fire",370,60,40,60,95,60,55
689,609,Chandelure,"Ghost
Fire",520,60,55,90,145,90,80
690,610,Axew,Dragon,320,46,87,60,30,40,57
691,611,Fraxure,Dragon,410,66,117,70,40,50,67
692,612,Haxorus,Dragon,540,76,147,90,60,70,97
693,613,Cubchoo,Ice,305,55,70,40,60,40,40
694,614,Beartic,Ice,505,95,130,80,70,80,50
695,615,Cryogonal,Ice,515,80,50,50,95,135,105
696,616,Shelmet,Bug,305,50,40,85,40,65,25
697,617,Accelgor,Bug,495,80,70,40,100,60,145
698,618,Stunfisk,"Ground
Electric",471,109,66,84,81,99,32
699,619,Mienfoo,Fighting,350,45,85,50,55,50,65
700,620,Mienshao,Fighting,510,65,125,60,95,60,105
701,621,Druddigon,Dragon,485,77,120,90,60,90,48
702,622,Golett,"Ground
Ghost",303,59,74,50,35,50,35
703,623,Golurk,"Ground
Ghost",483,89,124,80,55,80,55
704,624,Pawniard,"Dark
Steel",340,45,85,70,40,40,60
705,625,Bisharp,"Dark
Steel",490,65,125,100,60,70,70
706,626,Bouffalant,Normal,490,95,110,95,40,95,55
707,627,Rufflet,"Normal
Flying",350,70,83,50,37,50,60
708,628,Braviary,"Normal
Flying",510,100,123,75,57,75,80
709,629,Vullaby,"Dark
Flying",370,70,55,75,45,65,60
710,630,Mandibuzz,"Dark
Flying",510,110,65,105,55,95,80
711,631,Heatmor,Fire,484,85,97,66,105,66,65
712,632,Durant,"Bug
Steel",484,58,109,112,48,48,109
713,633,Deino,"Dark
Dragon",300,52,65,50,45,50,38
714,634,Zweilous,"Dark
Dragon",420,72,85,70,65,70,58
715,635,Hydreigon,"Dark
Dragon",600,92,105,90,125,90,98
716,636,Larvesta,"Bug
Fire",360,55,85,55,50,55,60
717,637,Volcarona,"Bug
Fire",550,85,60,65,135,105,100
718,638,Cobalion,"Steel
Fighting",580,91,90,129,90,72,108
719,639,Terrakion,"Rock
Fighting",580,91,129,90,72,90,108
720,640,Virizion,"Grass
Fighting",580,91,90,72,90,129,108
721,641,"Tornadus
Incarnate Forme",Flying,580,79,115,70,125,80,111
722,641,"Tornadus
Therian Forme",Flying,580,79,100,80,110,90,121
723,642,"Thundurus
Incarnate Forme","Electric
Flying",580,79,115,70,125,80,111
724,642,"Thundurus
Therian Forme","Electric
Flying",580,79,105,70,145,80,101
725,643,Reshiram,"Dragon
Fire",680,100,120,100,150,120,90
726,644,Zekrom,"Dragon
Electric",680,100,150,120,120,100,90
727,645,"Landorus
Incarnate Forme","Ground
Flying",600,89,125,90,115,80,101
728,645,"Landorus
Therian Forme","Ground
Flying",600,89,145,90,105,80,91
729,646,Kyurem,"Dragon
Ice",660,125,130,90,130,90,95
730,646,"Kyurem
Black Kyurem","Dragon
Ice",700,125,170,100,120,90,95
731,646,"Kyurem
White Kyurem","Dragon
Ice",700,125,120,90,170,100,95
732,647,"Keldeo
Ordinary Forme","Water
Fighting",580,91,72,90,129,90,108
733,647,"Keldeo
Resolute Forme","Water
Fighting",580,91,72,90,129,90,108
734,648,"Meloetta
Aria Forme","Normal
Psychic",600,100,77,77,128,128,90
735,648,"Meloetta
Pirouette Forme","Normal
Fighting",600,100,128,90,77,77,128
736,649,Genesect,"Bug
Steel",600,71,120,95,120,95,99
737,650,Chespin,Grass,313,56,61,65,48,45,38
738,651,Quilladin,Grass,405,61,78,95,56,58,57
739,652,Chesnaught,"Grass
Fighting",530,88,107,122,74,75,64
740,653,Fennekin,Fire,307,40,45,40,62,60,60
741,654,Braixen,Fire,409,59,59,58,90,70,73
742,655,Delphox,"Fire
Psychic",534,75,69,72,114,100,104
743,656,Froakie,Water,314,41,56,40,62,44,71
744,657,Frogadier,Water,405,54,63,52,83,56,97
745,658,Greninja,"Water
Dark",530,72,95,67,103,71,122
746,658,"Greninja
Ash-Greninja","Water
Dark",640,72,145,67,153,71,132
747,659,Bunnelby,Normal,237,38,36,38,32,36,57
748,660,Diggersby,"Normal
Ground",423,85,56,77,50,77,78
749,661,Fletchling,"Normal
Flying",278,45,50,43,40,38,62
750,662,Fletchinder,"Fire
Flying",382,62,73,55,56,52,84
751,663,Talonflame,"Fire
Flying",499,78,81,71,74,69,126
752,664,Scatterbug,Bug,200,38,35,40,27,25,35
753,665,Spewpa,Bug,213,45,22,60,27,30,29
754,666,Vivillon,"Bug
Flying",411,80,52,50,90,50,89
755,667,Litleo,"Fire
Normal",369,62,50,58,73,54,72
756,668,Pyroar,"Fire
Normal",507,86,68,72,109,66,106
757,669,Flabébé,Fairy,303,44,38,39,61,79,42
758,670,Floette,Fairy,371,54,45,47,75,98,52
759,671,Florges,Fairy,552,78,65,68,112,154,75
760,672,Skiddo,Grass,350,66,65,48,62,57,52
761,673,Gogoat,Grass,531,123,100,62,97,81,68
762,674,Pancham,Fighting,348,67,82,62,46,48,43
763,675,Pangoro,"Fighting
Dark",495,95,124,78,69,71,58
764,676,Furfrou,Normal,472,75,80,60,65,90,102
765,677,Espurr,Psychic,355,62,48,54,63,60,68
766,678,"Meowstic
Male",Psychic,466,74,48,76,83,81,104
767,678,"Meowstic
Female",Psychic,466,74,48,76,83,81,104
768,679,Honedge,"Steel
Ghost",325,45,80,100,35,37,28
769,680,Doublade,"Steel
Ghost",448,59,110,150,45,49,35
770,681,"Aegislash
Blade Forme","Steel
Ghost",520,60,150,50,150,50,60
771,681,"Aegislash
Shield Forme","Steel
Ghost",520,60,50,150,50,150,60
772,682,Spritzee,Fairy,341,78,52,60,63,65,23
773,683,Aromatisse,Fairy,462,101,72,72,99,89,29
774,684,Swirlix,Fairy,341,62,48,66,59,57,49
775,685,Slurpuff,Fairy,480,82,80,86,85,75,72
776,686,Inkay,"Dark
Psychic",288,53,54,53,37,46,45
777,687,Malamar,"Dark
Psychic",482,86,92,88,68,75,73
778,688,Binacle,"Rock
Water",306,42,52,67,39,56,50
779,689,Barbaracle,"Rock
Water",500,72,105,115,54,86,68
780,690,Skrelp,"Poison
Water",320,50,60,60,60,60,30
781,691,Dragalge,"Poison
Dragon",494,65,75,90,97,123,44
782,692,Clauncher,Water,330,50,53,62,58,63,44
783,693,Clawitzer,Water,500,71,73,88,120,89,59
784,694,Helioptile,"Electric
Normal",289,44,38,33,61,43,70
785,695,Heliolisk,"Electric
Normal",481,62,55,52,109,94,109
786,696,Tyrunt,"Rock
Dragon",362,58,89,77,45,45,48
787,697,Tyrantrum,"Rock
Dragon",521,82,121,119,69,59,71
788,698,Amaura,"Rock
Ice",362,77,59,50,67,63,46
789,699,Aurorus,"Rock
Ice",521,123,77,72,99,92,58
790,700,Sylveon,Fairy,525,95,65,65,110,130,60
791,701,Hawlucha,"Fighting
Flying",500,78,92,75,74,63,118
792,702,Dedenne,"Electric
Fairy",431,67,58,57,81,67,101
793,703,Carbink,"Rock
Fairy",500,50,50,150,50,150,50
794,704,Goomy,Dragon,300,45,50,35,55,75,40
795,705,Sliggoo,Dragon,452,68,75,53,83,113,60
796,706,Goodra,Dragon,600,90,100,70,110,150,80
797,707,Klefki,"Steel
Fairy",470,57,80,91,80,87,75
798,708,Phantump,"Ghost
Grass",309,43,70,48,50,60,38
799,709,Trevenant,"Ghost
Grass",474,85,110,76,65,82,56
800,710,"Pumpkaboo
Average Size","Ghost
Grass",335,49,66,70,44,55,51
801,710,"Pumpkaboo
Small Size","Ghost
Grass",335,44,66,70,44,55,56
802,710,"Pumpkaboo
Large Size","Ghost
Grass",335,54,66,70,44,55,46
803,710,"Pumpkaboo
Super Size","Ghost
Grass",335,59,66,70,44,55,41
804,711,"Gourgeist
Average Size","Ghost
Grass",494,65,90,122,58,75,84
805,711,"Gourgeist
Small Size","Ghost
Grass",494,55,85,122,58,75,99
806,711,"Gourgeist
Large Size","Ghost
Grass",494,75,95,122,58,75,69
807,711,"Gourgeist
Super Size","Ghost
Grass",494,85,100,122,58,75,54
808,712,Bergmite,Ice,304,55,69,85,32,35,28
809,713,Avalugg,Ice,514,95,117,184,44,46,28
810,714,Noibat,"Flying
Dragon",245,40,30,35,45,40,55
811,715,Noivern,"Flying
Dragon",535,85,70,80,97,80,123
812,716,Xerneas,Fairy,680,126,131,95,131,98,99
813,717,Yveltal,"Dark
Flying",680,126,131,95,131,98,99
814,718,"Zygarde
50% Forme","Dragon
Ground",600,108,100,121,81,95,95
815,718,"Zygarde
10% Forme","Dragon
Ground",486,54,100,71,61,85,115
816,718,"Zygarde
Complete Forme","Dragon
Ground",708,216,100,121,91,95,85
817,719,Diancie,"Rock
Fairy",600,50,100,150,100,150,50
818,719,"Diancie
Mega Diancie","Rock
Fairy",700,50,160,110,160,110,110
819,720,"Hoopa
Hoopa Confined","Psychic
Ghost",600,80,110,60,150,130,70
820,720,"Hoopa
Hoopa Unbound","Psychic
Dark",680,80,160,60,170,130,80
821,721,Volcanion,"Fire
Water",600,80,110,120,130,90,70
822,722,Rowlet,"Grass
Flying",320,68,55,55,50,50,42
823,723,Dartrix,"Grass
Flying",420,78,75,75,70,70,52
824,724,Decidueye,"Grass
Ghost",530,78,107,75,100,100,70
825,725,Litten,Fire,320,45,65,40,60,40,70
826,726,Torracat,Fire,420,65,85,50,80,50,90
827,727,Incineroar,"Fire
Dark",530,95,115,90,80,90,60
828,728,Popplio,Water,320,50,54,54,66,56,40
829,729,Brionne,Water,420,60,69,69,91,81,50
830,730,Primarina,"Water
Fairy",530,80,74,74,126,116,60
831,731,Pikipek,"Normal
Flying",265,35,75,30,30,30,65
832,732,Trumbeak,"Normal
Flying",355,55,85,50,40,50,75
833,733,Toucannon,"Normal
Flying",485,80,120,75,75,75,60
834,734,Yungoos,Normal,253,48,70,30,30,30,45
835,735,Gumshoos,Normal,418,88,110,60,55,60,45
836,736,Grubbin,Bug,300,47,62,45,55,45,46
837,737,Charjabug,"Bug
Electric",400,57,82,95,55,75,36
838,738,Vikavolt,"Bug
Electric",500,77,70,90,145,75,43
839,739,Crabrawler,Fighting,338,47,82,57,42,47,63
840,740,Crabominable,"Fighting
Ice",478,97,132,77,62,67,43
841,741,"Oricorio
Baile Style","Fire
Flying",476,75,70,70,98,70,93
842,741,"Oricorio
Pom-Pom Style","Electric
Flying",476,75,70,70,98,70,93
843,741,"Oricorio
Pa'u Style","Psychic
Flying",476,75,70,70,98,70,93
844,741,"Oricorio
Sensu Style","Ghost
Flying",476,75,70,70,98,70,93
845,742,Cutiefly,"Bug
Fairy",304,40,45,40,55,40,84
846,743,Ribombee,"Bug
Fairy",464,60,55,60,95,70,124
847,744,Rockruff,Rock,280,45,65,40,30,40,60
848,745,"Lycanroc
Midday Form",Rock,487,75,115,65,55,65,112
849,745,"Lycanroc
Midnight Form",Rock,487,85,115,75,55,75,82
850,746,"Wishiwashi
Solo Form",Water,175,45,20,20,25,25,40
851,746,"Wishiwashi
School Form",Water,620,45,140,130,140,135,30
852,747,Mareanie,"Poison
Water",305,50,53,62,43,52,45
853,748,Toxapex,"Poison
Water",495,50,63,152,53,142,35
854,749,Mudbray,Ground,385,70,100,70,45,55,45
855,750,Mudsdale,Ground,500,100,125,100,55,85,35
856,751,Dewpider,"Water
Bug",269,38,40,52,40,72,27
857,752,Araquanid,"Water
Bug",454,68,70,92,50,132,42
858,753,Fomantis,Grass,250,40,55,35,50,35,35
859,754,Lurantis,Grass,480,70,105,90,80,90,45
860,755,Morelull,"Grass
Fairy",285,40,35,55,65,75,15
861,756,Shiinotic,"Grass
Fairy",405,60,45,80,90,100,30
862,757,Salandit,"Poison
Fire",320,48,44,40,71,40,77
863,758,Salazzle,"Poison
Fire",480,68,64,60,111,60,117
864,759,Stufful,"Normal
Fighting",340,70,75,50,45,50,50
865,760,Bewear,"Normal
Fighting",500,120,125,80,55,60,60
866,761,Bounsweet,Grass,210,42,30,38,30,38,32
867,762,Steenee,Grass,290,52,40,48,40,48,62
868,763,Tsareena,Grass,510,72,120,98,50,98,72
869,764,Comfey,Fairy,485,51,52,90,82,110,100
870,765,Oranguru,"Normal
Psychic",490,90,60,80,90,110,60
871,766,Passimian,Fighting,490,100,120,90,40,60,80
872,767,Wimpod,"Bug
Water",230,25,35,40,20,30,80
873,768,Golisopod,"Bug
Water",530,75,125,140,60,90,40
874,769,Sandygast,"Ghost
Ground",320,55,55,80,70,45,15
875,770,Palossand,"Ghost
Ground",480,85,75,110,100,75,35
876,771,Pyukumuku,Water,410,55,60,130,30,130,5
877,772,Type: Null,Normal,534,95,95,95,95,95,59
878,773,Silvally,Normal,570,95,95,95,95,95,95
879,774,"Minior
Meteor Form","Rock
Flying",440,60,60,100,60,100,60
880,774,"Minior
Core Form","Rock
Flying",500,60,100,60,100,60,120
881,775,Komala,Normal,480,65,115,65,75,95,65
882,776,Turtonator,"Fire
Dragon",485,60,78,135,91,85,36
883,777,Togedemaru,"Electric
Steel",435,65,98,63,40,73,96
884,778,Mimikyu,"Ghost
Fairy",476,55,90,80,50,105,96
885,779,Bruxish,"Water
Psychic",475,68,105,70,70,70,92
886,780,Drampa,"Normal
Dragon",485,78,60,85,135,91,36
887,781,Dhelmise,"Ghost
Grass",517,70,131,100,86,90,40
888,782,Jangmo-o,Dragon,300,45,55,65,45,45,45
889,783,Hakamo-o,"Dragon
Fighting",420,55,75,90,65,70,65
890,784,Kommo-o,"Dragon
Fighting",600,75,110,125,100,105,85
891,785,Tapu Koko,"Electric
Fairy",570,70,115,85,95,75,130
892,786,Tapu Lele,"Psychic
Fairy",570,70,85,75,130,115,95
893,787,Tapu Bulu,"Grass
Fairy",570,70,130,115,85,95,75
894,788,Tapu Fini,"Water
Fairy",570,70,75,115,95,130,85
895,789,Cosmog,Psychic,200,43,29,31,29,31,37
896,790,Cosmoem,Psychic,400,43,29,131,29,131,37
897,791,Solgaleo,"Psychic
Steel",680,137,137,107,113,89,97
898,792,Lunala,"Psychic
Ghost",680,137,113,89,137,107,97
899,793,Nihilego,"Rock
Poison",570,109,53,47,127,131,103
900,794,Buzzwole,"Bug
Fighting",570,107,139,139,53,53,79
901,795,Pheromosa,"Bug
Fighting",570,71,137,37,137,37,151
902,796,Xurkitree,Electric,570,83,89,71,173,71,83
903,797,Celesteela,"Steel
Flying",570,97,101,103,107,101,61
904,798,Kartana,"Grass
Steel",570,59,181,131,59,31,109
905,799,Guzzlord,"Dark
Dragon",570,223,101,53,97,53,43
906,800,Necrozma,Psychic,600,97,107,101,127,89,79
907,801,Magearna,"Steel
Fairy",600,80,95,115,130,115,65
908,802,Marshadow,"Fighting
Ghost",600,90,125,80,90,90,125